{"cameraMode":{"drawMode":0,"name":"Shaded","section":"Shading Mode"},"sceneLighting":false,"audioPlay":false,"sceneViewState":{"m_AlwaysRefresh":false,"showFog":true,"showSkybox":false,"showFlares":true,"showImageEffects":true,"showParticleSystems":true,"showVisualEffectGraphs":true,"m_FxEnabled":true},"in2DMode":false,"pivot":{"x":4.404932975769043,"y":0.28832048177719118,"z":-5.955865383148193},"rotation":{"x":0.05725879967212677,"y":-0.9382169246673584,"z":0.28406792879104617,"w":0.18910996615886689},"size":0.8660253882408142,"orthographic":false}