{"cameraMode":{"drawMode":0,"name":"Shaded","section":"Shading Mode"},"sceneLighting":false,"audioPlay":false,"sceneViewState":{"m_AlwaysRefresh":false,"showFog":true,"showSkybox":false,"showFlares":true,"showImageEffects":true,"showParticleSystems":true,"showVisualEffectGraphs":true,"m_FxEnabled":true},"in2DMode":false,"pivot":{"x":-1.4046777486801148,"y":1.0199528932571412,"z":0.8321171998977661},"rotation":{"x":0.017246326431632043,"y":-0.46646273136138918,"z":0.009096527472138405,"w":0.8843007683753967},"size":1.2247449159622193,"orthographic":false}