{"cameraMode":{"drawMode":0,"name":"Shaded","section":"Shading Mode"},"sceneLighting":false,"audioPlay":false,"sceneViewState":{"m_AlwaysRefresh":false,"showFog":true,"showSkybox":false,"showFlares":true,"showImageEffects":true,"showParticleSystems":true,"showVisualEffectGraphs":true,"m_FxEnabled":true},"in2DMode":false,"pivot":{"x":-12.348747253417969,"y":4.010985851287842,"z":-16.205476760864259},"rotation":{"x":0.10745271295309067,"y":0.07413139194250107,"z":-0.008069050498306752,"w":0.9910903573036194},"size":6.601707458496094,"orthographic":false}