{"cameraMode":{"drawMode":0,"name":"Shaded","section":"Shading Mode"},"sceneLighting":true,"audioPlay":false,"sceneViewState":{"m_AlwaysRefresh":false,"showFog":true,"showSkybox":true,"showFlares":true,"showImageEffects":true,"showParticleSystems":true,"showVisualEffectGraphs":true,"m_FxEnabled":true},"in2DMode":false,"pivot":{"x":19.132801055908204,"y":-8.011222839355469,"z":-70.25810241699219},"rotation":{"x":0.0060386983677744869,"y":0.992239236831665,"z":-0.053632959723472598,"w":0.11179062724113465},"size":44.41803741455078,"orthographic":false}