{"cameraMode":{"drawMode":0,"name":"Shaded","section":"Shading Mode"},"sceneLighting":true,"audioPlay":false,"sceneViewState":{"m_AlwaysRefresh":false,"showFog":true,"showSkybox":true,"showFlares":true,"showImageEffects":true,"showParticleSystems":true,"showVisualEffectGraphs":true,"m_FxEnabled":true},"in2DMode":false,"pivot":{"x":1.1227760314941407,"y":0.6675552129745483,"z":13.174704551696778},"rotation":{"x":0.08762906491756439,"y":-0.7556814551353455,"z":0.10405906289815903,"w":0.640225887298584},"size":2.5715415477752687,"orthographic":false}