{"cameraMode":{"drawMode":0,"name":"Shaded","section":"Shading Mode"},"sceneLighting":true,"audioPlay":false,"sceneViewState":{"m_AlwaysRefresh":false,"showFog":true,"showSkybox":true,"showFlares":true,"showImageEffects":true,"showParticleSystems":true,"showVisualEffectGraphs":true,"m_FxEnabled":true},"in2DMode":false,"pivot":{"x":7.626321315765381,"y":1.4889570474624634,"z":12.413512229919434},"rotation":{"x":0.06318724155426026,"y":-0.8961599469184876,"z":0.13539710640907288,"w":0.4174714684486389},"size":1.9963980913162232,"orthographic":false}