{"cameraMode":{"drawMode":0,"name":"Shaded","section":"Shading Mode"},"sceneLighting":false,"audioPlay":false,"sceneViewState":{"m_AlwaysRefresh":false,"showFog":true,"showSkybox":false,"showFlares":true,"showImageEffects":true,"showParticleSystems":true,"showVisualEffectGraphs":true,"m_FxEnabled":true},"in2DMode":false,"pivot":{"x":-0.24883109331130982,"y":-0.0011631082743406296,"z":-1.0447452068328858},"rotation":{"x":0.0000013717940419155639,"y":-0.9996631145477295,"z":8.108706310849811e-7,"w":0.02639513649046421},"size":1.173703908920288,"orthographic":false}